<?xml version="1.0" encoding="UTF-8"?>
<jax-ws xmlns="http://www.netbeans.org/ns/jax-ws/1">
  <services>
    <service name="ConcertWebService">
      <implementation-class>concertpackage.ConcertWebService</implementation-class>
      <wsdl-url>file:/C:/Users/marti/Desktop/Projekt/Veebiteenuse_projekt_03_03/Veebiteenuse_projekt_02_03_hilisem/ConcertService_2.wsdl</wsdl-url>
      <local-wsdl-file>ConcertService_2.wsdl</local-wsdl-file>
      <service-name>ConcertService</service-name>
      <port-name>ConcertPort</port-name>
      <package-name>ee.ttu.idu0075._2015.ws.concert</package-name>
      <catalog-file>catalog.xml</catalog-file>
      <use-provider>false</use-provider>
      <wsimport-options>
        <wsimport-option>
          <wsimport-option-name>extension</wsimport-option-name>
          <wsimport-option-value>true</wsimport-option-value>
        </wsimport-option>
        <wsimport-option>
          <wsimport-option-name>verbose</wsimport-option-name>
          <wsimport-option-value>true</wsimport-option-value>
        </wsimport-option>
        <wsimport-option>
          <wsimport-option-name>fork</wsimport-option-name>
          <wsimport-option-value>false</wsimport-option-value>
        </wsimport-option>
        <wsimport-option>
          <wsimport-option-name>xnocompile</wsimport-option-name>
          <wsimport-option-value>true</wsimport-option-value>
        </wsimport-option>
        <wsimport-option>
          <wsimport-option-name>xendorsed</wsimport-option-name>
          <wsimport-option-value>true</wsimport-option-value>
        </wsimport-option>
      </wsimport-options>
    </service>
  </services>
  <clients/>
  <jsr109>true</jsr109>
</jax-ws>
