<?xml version="1.0" encoding="UTF-8"?><!--
        *** GENERATED FROM jax-ws.xml - DO NOT EDIT !                             ***
        *** TO MODIFY wsimport options USE Web Service node -> Edit WS Attributes ***
        *** TO CHANGE TARGETS GENERATED TO jaxws-build.xml COPY THOSE             ***
        *** TARGETS TO ../build.xml AND MODIFY THAT FILE INSTEAD                  ***

        --><project xmlns:xalan="http://xml.apache.org/xslt" xmlns:j2seproject3="http://www.netbeans.org/ns/j2se-project/3" xmlns:jaxws="http://www.netbeans.org/ns/jax-ws/1">
    <!--
                ===================
                JAX-WS WSIMPORT SECTION
                ===================
            -->
    <target name="wsimport-init" depends="init">
        <mkdir dir="${build.generated.sources.dir}/jax-ws"/>
        <taskdef name="wsimport" classname="com.sun.tools.ws.ant.WsImport">
            <classpath path="${libs.jaxws21.classpath}"/>
        </taskdef>
    </target>
    <target name="wsimport-client-ConcertService" depends="wsimport-init">
        <mkdir dir="${build.generated.dir}/jax-wsCache/ConcertService"/>
        <property name="wsdl-ConcertService" location="xml-resources/web-service-references/ConcertService/wsdl/msi_8080/ConsertWebApplicationViimane/ConcertService.wsdl"/>
        <wsimport sourcedestdir="${build.generated.dir}/jax-wsCache/ConcertService" destdir="${build.generated.dir}/jax-wsCache/ConcertService" wsdl="${wsdl-ConcertService}" catalog="catalog.xml" encoding="${source.encoding}" extension="true" verbose="true" fork="false" wsdlLocation="http://msi:8080/ConsertWebApplicationViimane/ConcertService?wsdl" xnocompile="true" xendorsed="true">
            <depends file="${wsdl-ConcertService}"/>
            <produces dir="${build.generated.dir}/jax-wsCache/ConcertService"/>
        </wsimport>
        <copy todir="${build.generated.sources.dir}/jax-ws">
            <fileset dir="${build.generated.dir}/jax-wsCache/ConcertService">
                <include name="**/*.java"/>
            </fileset>
        </copy>
    </target>
    <target name="wsimport-client-clean-ConcertService" depends="-init-project">
        <delete dir="${build.generated.dir}/jax-wsCache/ConcertService"/>
        <delete dir="${build.generated.sources.dir}/jax-ws/ee/ttu/idu0075/2015/ws/concert"/>
    </target>
    <target name="wsimport-client-generate" depends="wsimport-client-ConcertService"/>
</project>
